Name,Yahoo_Ticker
1&1 AG,1U1.DE
360 ONE WAM Ltd,360ONE.NS
3M Co,MMM
3i Group PLC,III.L
ABB India Ltd,ABB.NS
ACM Research Inc,ACMR
ADT Inc,ADT
AECOM,ACM
AEM Holdings Ltd,AWX.SI
AIA Engineering Ltd,AIAENG.NS
AIMS APAC REIT,O5RU.SI
AIXTRON SE,AIXA.DE
AMETEK Inc,AME
APL Apollo Tubes Ltd,APLAPOLLO.NS
AST SpaceMobile Inc,ASTS
AT&T Inc,T
ATS Corp,ATS.TO
AU Small Finance Bank Ltd,AUBANK.NS
Aarti Industries Ltd,AARTIIND.NS
Aavas Financiers Ltd,AAVAS.NS
AbCellera Biologics Inc,ABCL.TO
AbbVie Inc,ABBV
Abbott Laboratories,ABT
Abercrombie & Fitch Co,ANF
Academy Sports & Outdoors Inc,ASO
Accenture PLC,ACN
Acutaas Chemicals Ltd,ACUTAS.NS
Adani Total Gas Ltd,ATGL.NS
Aditya Birla Capital Ltd,ABCAPITAL.NS
Aditya Birla Real Estate Ltd,ABREL.NS
Aditya Birla Sun Life Asset Management Co Ltd,ABSLAMC.NS
Admiral Group PLC,ADM.L
Adobe Inc,ADBE
Advanced Drainage Systems Inc,WMS
Advanced Micro Devices Inc,AMD
Aegis Logistics Ltd,AEGISLOG.NS
Aegis Vopak Terminals Ltd,AEGISVOPAK.NS
AerCap Holdings NV,AER
Affle 3i Ltd,AFFLE.NS
Agilent Technologies Inc,A
Agnico Eagle Mines Ltd,AEM.TO
Ahluwalia Contracts India Ltd,AHLUCONT.NS
Air Products and Chemicals Inc,APD
Airbnb Inc,ABNB
Airtel Africa PLC,AAF.L
Ajanta Pharma Ltd,AJANTPHARM.NS
Akamai Technologies Inc,AKAM
Alamos Gold Inc,AGI.TO
Albemarle Corp,ALB
Albertsons Cos Inc,ACI
Alcoa Corp,AA
Alexandria Real Estate Equities Inc,ARE
Algonquin Power & Utilities Corp,AQN.TO
Align Technology Inc,ALGN
Alimentation Couche-Tard Inc,ATD.TO
Alivus Life Sciences Ltd,ALIVUS.NS
Alkem Laboratories Ltd,ALKEM.NS
Alliance Laundry Holdings Inc,ALH
Allianz SE,ALV.DE
Allstate Corp/The,ALL
Alnylam Pharmaceuticals Inc,ALNY
Alphabet Inc,GOOGL
AltaGas Ltd,ALA.TO
Amara Raja Energy & Mobility Ltd,AMARAJABAT.NS
Amazon.com Inc,AMZN
Amber Enterprises India Ltd,AMBER.NS
Ambuja Cements Ltd,AMBUJACEM.NS
Amcor PLC,AMCR
American Express Co,AXP
American Homes 4 Rent,AMH
American International Group Inc,AIG
American Tower Corp,AMT
American Water Works Co Inc,AWK
Americold Realty Trust Inc,COLD
Ameriprise Financial Inc,AMP
Amgen Inc,AMGN
Amphenol Corp,APH
Analog Devices Inc,ADI
Anant Raj Ltd,ANANTRAJ.NS
Anglo American PLC,AAL.L
Antero Midstream Corp,AM
Anthem Biosciences Ltd,ANTHEM.NS
Aon PLC,AON
Apar Industries Ltd,APARINDS.NS
Apollo Global Management Inc,APO
Apollo Hospitals Enterprise Ltd,APOLLOHOSP.NS
Apollo Tyres Ltd,APOLLOTYRE.NS
AppLovin Corp,APP
Apple Inc,AAPL
Applied Materials Inc,AMAT
Aptitude Software Group PLC,APTD.L
Aptiv PLC,APTV
Aptus Value Housing Finance India Ltd,APTUS.NS
Aramark,ARMK
Arch Capital Group Ltd,ACGL
Archean Chemical Industries Ltd,ACI.NS
Archer-Daniels-Midland Co,ADM
Ares Management Corp,ARES
Argo Properties NV,ARND.DE
Arista Networks Inc,ANET
Aritzia Inc,ATZ.TO
Aroundtown SA,AT1.DE
Arthur J Gallagher & Co,AJG
Arvind Ltd,ARVIND.NS
Asbury Automotive Group Inc,ABG
Ashok Leyland Ltd,ASHOKLEY.NS
Ashtead Group PLC,AHT.L
Asian Paints Ltd,ASIANPAINT.NS
Assurant Inc,AIZ
Aster DM Healthcare Ltd,ASTERDM.NS
Astra Microwave Products Ltd,ASTRAMICRO.NS
AstraZeneca PLC,AZN.L
AstraZeneca Pharma India Ltd,ASTRAZEN.NS
Astral Ltd,ASTRAL.NS
Atco Ltd/Canada,ACO-X.TO
AtkinsRealis Group Inc,ATRL.TO
Atmos Energy Corp,ATO
Atoss Software SE,AOF.DE
Atul Ltd,ATUL.NS
AurionPro Solutions Ltd,AURIONPRO.NS
Aurobindo Pharma Ltd,AUROPHARMA.NS
Auto Trader Group PLC,AUTO.L
AutoZone Inc,AZO
Autodesk Inc,ADSK
Autoliv Inc,ALV
Automatic Data Processing Inc,ADP
Avalo Therapeutics Inc,AVTX
AvalonBay Communities Inc,AVB
Avanti Feeds Ltd,AVANTIFEED.NS
Avantor Inc,AVTR
Avenue Supermarts Ltd,DMART.NS
Avery Dennison Corp,AVY
Avidity Biosciences Inc,RNA
Avient Corp,AVNT
Aviva PLC,AV.L
Axis Bank Ltd,AXISBANK.NS
Axon Enterprise Inc,AXON
Axsome Therapeutics Inc,AXSM
Azad Engineering Ltd,AZAD.NS
B&M European Value Retail SA,BME.L
BASF India Ltd,BASF.NS
BASF SE,BAS.DE
BCE Inc,BCE.TO
BOYD GROUP INC,BYD.TO
BP PLC,BP.L
BSE Ltd,BSE.NS
BT Group PLC,BT-A.L
BXP Inc,BXP
Babcock International Group PLC,BAB.L
Bajaj Auto Ltd,BAJAJ-AUTO.NS
Bajaj Electricals Ltd,BAJAJELEC.NS
Bajaj Finance Ltd,BAJFINANCE.NS
Bajaj Finserv Ltd,BAJAJFINSV.NS
Bajaj Holdings & Investment Ltd,BAJAJHLDNG.NS
Baker Hughes Co,BKR
Balaji Amines Ltd,BALAMINES.NS
Balchem Corp,BCPC
Balfour Beatty PLC,BBY.L
Balkrishna Industries Ltd,BALKRISIND.NS
Balrampur Chini Mills Ltd,BALRAMCHIN.NS
Baltic Classifieds Group PLC,BCG.L
Bandhan Bank Ltd,BANDHANBNK.NS
Bandwidth Inc,BAND
Bank of America Corp,BAC
Bank of Baroda,BANKBARODA.NS
Bank of Montreal,BMO.TO
Bank of New York Mellon Corp/The,BK
Bank of Nova Scotia/The,BNS.TO
Barclays PLC,BARC.L
Barratt Redrow PLC,BTRW.L
Basler AG,BSL.DE
Bausch Health Cos Inc,BHC.TO
Bayer AG,BAYN.DE
Bayerische Motoren Werke AG,BMW.DE
Beazley PLC,BEZ.L
Bechtle AG,BC8.DE
Becton Dickinson & Co,BDX
Beiersdorf AG,BEI.DE
Bellway PLC,BWY.L
Berkeley Group Holdings PLC,BKG.L
Berkshire Hathaway Inc,BRK-B
Bertrandt AG,BDT.DE
Bharat Dynamics Ltd,BDL.NS
Bharat Forge Ltd,BHARATFORG.NS
Bharat Petroleum Corp Ltd,BPCL.NS
Bharti Airtel Ltd,BHARTIARTL.NS
Bharti Hexacom Ltd,BHARTIHEXA.NS
Bikaji Foods International Ltd,BIKAJI.NS
Bilfinger SE,GBF.DE
BioMarin Pharmaceutical Inc,BMRN
BioNTech SE,22UA.DE
Biocon Ltd,BIOCON.NS
Biogen Inc,BIIB
Birlasoft Ltd,BSOFT.NS
BlackBerry Ltd,BB.TO
BlackLine Inc,BL
Blackrock Inc,BLK
Blackstone Inc,BX
Blend Labs Inc,BLND
Block Inc,SQ
Bloom Energy Corp,BE
Blue Star Ltd,BLUESTARCO.NS
Boardwalk Real Estate Investment Trust,BEI-UN.TO
Bodycote PLC,BOY.L
Bombardier Inc,BBD-B.TO
Booking Holdings Inc,BKNG
BorgWarner Inc,BWA
Bosch Ltd,BOSCHLTD.NS
Boston Scientific Corp,BSX
Brenntag SE,BNR.DE
Brigade Enterprises Ltd,BRIGADE.NS
Brinker International Inc,EAT
Bristol-Myers Squibb Co,BMY
Britannia Industries Ltd,BRITANNIA.NS
British Land Co PLC/The,BLND.L
Broadcom Inc,AVGO
Broadridge Financial Solutions Inc,BR
Brookfield Corp,BN.TO
Brookfield India Real Estate Trust,BIRET.NS
Brookfield Infrastructure Corp,BIPC.TO
Brookfield Renewable Corp,BEPC.TO
Brown & Brown Inc,BRO
Bunge Global SA,BG
Bunzl PLC,BNZL.L
Burberry Group PLC,BRBY.L
Bytes Technology Group PLC,BYIT.L
CAE Inc,CAE.TO
CBRE Group Inc,CBRE
CCL Products India Ltd,CCLPROD.NS
CF Industries Holdings Inc,CF
CG Power & Industrial Solutions Ltd,CGPOWER.NS
CGI Inc,GIB-A.TO
CME Group Inc,CME
CMS Energy Corp,CMS
CMS Info Systems Ltd,CMSINFO.NS
CRH PLC,CRH
CSE Global Ltd,544.SI
CSW Industrials Inc,CSWI
CSX Corp,CSX
CVS Health Corp,CVS
Cabaletta Bio Inc,CABA
Cable One Inc,CABO
Cabot Corp,CBT
Cadence Design Systems Inc,CDNS
Cameco Corp,CCO.TO
Can Fin Homes Ltd,CANFINHOME.NS
Canada Packers Inc,CPKR.TO
Canadian Apartment Properties REIT,CAR-UN.TO
Canadian Imperial Bank of Commerce,CM.TO
Canadian National Railway Co,CNR.TO
Canadian Pacific Kansas City Ltd,CP.TO
Canadian Tire Corp Ltd,CTC-A.TO
Canara Bank,CANBK.NS
Capita PLC,CPI.L
CapitaLand Ascendas REIT,A17U.SI
CapitaLand Integrated Commercial Trust,C38U.SI
CapitaLand Investment Ltd/Singapore,9CI.SI
Capital One Financial Corp,COF
Capital Power Corp,CPX.TO
Capitaland India Trust,CY6U.SI
Capri Holdings Ltd,CPRI
Capstone Copper Corp,CS.TO
CarMax Inc,KMX
Carborundum Universal Ltd,CARBORUNIV.NS
Card Factory PLC,CARD.L
Cardinal Health Inc,CAH
Carl Zeiss Meditec AG,AFX.DE
Carnival PLC,CCL.L
Carpenter Technology Corp,CRS
Cartrade Tech Ltd,CARTRADE.NS
Carvana Co,CVNA
Casella Waste Systems Inc,CWST
Casey's General Stores Inc,CASY
Castrol India Ltd,CASTROLIND.NS
Cboe Global Markets Inc,CBOE
Ceat Ltd,CEATLTD.NS
Celestica Inc,CLS.TO
Cencora Inc,COR
Centene Corp,CNC
CenterPoint Energy Inc,CNP
Centrica PLC,CNA.L
Century Plyboards India Ltd,CENTURYPLY.NS
Chambal Fertilisers and Chemicals Ltd,CHAMBLFERT.NS
Charles Schwab Corp/The,SCHW
Charter Communications Inc,CHTR
Chartwell Retirement Residences,CSH-UN.TO
Check Point Software Technologies Ltd,CHKP
Chemplast Sanmar Ltd,CHEMPLASTS.NS
Cheniere Energy Inc,LNG
Chennai Super Kings Cricket Ltd,CHENNAISUPR.NS
Chevron Corp,CVX
Chipotle Mexican Grill Inc,CMG
Choice Properties Real Estate Investment Trust,CHP-UN.TO
Cholamandalam Financial Holdings Ltd,CHOLAHLDNG.NS
Cholamandalam Investment and Finance Co Ltd,CHOLAFIN.NS
Chubb Ltd,CB
Church & Dwight Co Inc,CHD
Ciena Corp,CIEN
Cigna Group/The,CI
Cintas Corp,CTAS
Cipla Ltd/India,CIPLA.NS
Cisco Systems Inc,CSCO
Citigroup Inc,C
Citizens Financial Group Inc,CFG
Clean Harbors Inc,CLH
Clean Science & Technology Ltd,CLEAN.NS
Clearwater Analytics Holdings Inc,CWAN
Cleveland-Cliffs Inc,CLF
Cloudflare Inc,NET
CoStar Group Inc,CSGP
Coats Group PLC,COA.L
Coca-Cola Co/The,KO
Coca-Cola Consolidated Inc,COKE
Coca-Cola Europacific Partners PLC,CCEP.L
Coeur Mining Inc,CDE
Coforge Ltd,COFORGE.NS
Cognex Corp,CGNX
Cognizant Technology Solutions Corp,CTSH
Cohance Lifesciences Ltd,COHANCE.NS
Coherent Corp,COHR
Coinbase Global Inc,COIN
Colgate-Palmolive Co,CL
Colgate-Palmolive India Ltd,COLPAL.NS
Colliers International Group Inc,CIGI.TO
Comcast Corp,CMCSA
ComfortDelGro Corp Ltd,C52.SI
Commercial Metals Co,CMC
Commerzbank AG,CBK.DE
Compass Group PLC,CPG.L
Computacenter PLC,CCC.L
Computer Age Management Services Ltd,CAMS.NS
Conagra Brands Inc,CAG
Concentra Group Holdings Parent Inc,CON
Concord Biotech Ltd,CONCORDBIO.NS
Confluent Inc,CFLT
Consolidated Edison Inc,ED
Constellation Brands Inc,STZ
Constellation Energy Corp,CEG
Constellation Software Inc/Canada,CSU.TO
Container Corp Of India Ltd,CONCOR.NS
Continental AG,CON.DE
Convatec Group PLC,CTEC.L
Copart Inc,CPRT
Corebridge Financial Inc,CRBG
Corning Inc,GLW
Coromandel International Ltd,COROMANDEL.NS
Corteva Inc,CTVA
Costco Wholesale Corp,COST
Coty Inc,COTY
Coupang Inc,CPNG
Covestro AG,1COV.DE
Craftsman Automation Ltd,CRAFTSMAN.NS
Crane Co,CR
Cranswick PLC,CWK.L
Crocs Inc,CROX
Croda International PLC,CRDA.L
Crompton Greaves Consumer Electricals Ltd,CROMPTON.NS
Crowdstrike Holdings Inc,CRWD
Crown Castle Inc,CCI
CubeSmart,CUBE
Cummins Inc,CMI
Cummins India Ltd,CUMMINSIND.NS
Curtiss-Wright Corp,CW
Cyient Ltd,CYIENT.NS
Cytokinetics Inc,CYTK
DBS Group Holdings Ltd,D05.SI
DCC PLC,DCC.L
DR Horton Inc,DHI
DT Midstream Inc,DTM
DWS Group GmbH & Co KGaA,DWS.DE
Dabur India Ltd,DABUR.NS
Daimler Truck Holding AG,DTG.DE
Dalmia Bharat Ltd,DALBHARAT.NS
Danaher Corp,DHR
Dayforce Inc,DAY
Deckers Outdoor Corp,DECK
Deepak Fertilisers & Petrochemicals Corp Ltd,DEEPAKFERT.NS
Deepak Nitrite Ltd,DEEPAKNTR.NS
Deere & Co,DE
Delek US Holdings Inc,DKL
Delhivery Ltd,DELHIVERY.NS
Delivery Hero SE,DHER.DE
Dell Technologies Inc,DELL
Denali Therapeutics Inc,DNLI
Derwent London PLC,DLN.L
Descartes Systems Group Inc/The,DSG.TO
Deutsche Bank AG,DBK.DE
Deutsche Boerse AG,DB1.DE
Deutsche EuroShop AG,DEQ.DE
Deutsche Post AG,DHL.DE
Deutsche Telekom AG,DTE.DE
Deutsche Wohnen SE,DWNI.DE
Dexcom Inc,DXCM
Diageo PLC,DGE.L
Dialight PLC,DIA.L
Digital Core REIT Management Pte Ltd,DCRU.SI
Digital Realty Trust Inc,DLR
Diploma PLC,DPLM.L
Divi's Laboratories Ltd,DIVISLAB.NS
Dixon Technologies India Ltd,DIXON.NS
Docusign Inc,DOCU
Dollarama Inc,DOL.TO
Dominion Energy Inc,D
Domino's Pizza Inc,DPZ
Doms Industries Ltd,DOMS.NS
DoorDash Inc,DASH
Douglas AG,DOU.DE
Dow Inc,DOW
Dr Ing hc F Porsche AG,P911.DE
Dr Lal PathLabs Ltd,LALPATHLAB.NS
Dr Reddy's Laboratories Ltd,DRREDDY.NS
Draegerwerk AG & Co KGaA,DRW3.DE
DraftKings Inc,DKNG
Drax Group PLC,DRX.L
Dream Industrial Real Estate Investment Trust,DIR-UN.TO
E.ON SE,EOAN.DE
EID Parry India Ltd,EIDPARRY.NS
EIH Ltd,EIHOTEL.NS
EMCOR Group Inc,EME
EPAM Systems Inc,EPAM
EPL Ltd,EPL.NS
Eagle Materials Inc,EXP
East West Bancorp Inc,EWBC
EastGroup Properties Inc,EGP
Eastman Chemical Co,EMN
Eaton Corp PLC,ETN
EchoStar Corp,SATS
Ecolab Inc,ECL
Edelweiss Financial Services Ltd,EDELWEISS.NS
Edgewell Personal Care Co,EPC
Edison International,EIX
Edwards Lifesciences Corp,EW
Eicher Motors Ltd,EICHERMOT.NS
Einhell Germany AG,EIN3.DE
Elecon Engineering Co Ltd,ELECON.NS
Electronics Mart India Ltd,EMIL.NS
Electrosteel Castings Ltd,ELECTCAST.NS
Element Fleet Management Corp,EFN.TO
Elevance Health Inc,ELV
Elgi Equipments Ltd,ELGIEQUIP.NS
Eli Lilly & Co,LLY
Emami Ltd,EMAMILTD.NS
Embassy Developments Ltd,EMBDL.NS
Embassy Office Parks REIT,EMBASSY.NS
Emerson Electric Co,EMR
Enbridge Inc,ENB.TO
Endeavour Mining PLC,EDV.L
Endurance Technologies Ltd,ENDURANCE.NS
EnerSys,ENS
Engineers India Ltd,ENGINERSIN.NS
Enphase Energy Inc,ENPH
Entain PLC,ENT.L
Entergy Corp,ETR
Equinix Inc,EQIX
Equitable Holdings Inc,EQH
Equity Residential,EQR
Eris Lifesciences Ltd,ERIS.NS
Escorts Kubota Ltd,ESCORTS.NS
Essent Group Ltd,ESNT
Essential Utilities Inc,WTRG
Estee Lauder Cos Inc/The,EL
Eternal Ltd,ETERNAL.NS
Everest Group Ltd,EG
Eversource Energy,ES
Evonik Industries AG,EVK.DE
Exchange Income Corp,EIF.TO
Exelon Corp,EXC
Exide Industries Ltd,EXIDEIND.NS
Expedia Group Inc,EXPE
Experian PLC,EXPN.L
Extra Space Storage Inc,EXR
Extreme Networks Inc,EXTR
Exxon Mobil Corp,XOM
FDM Group Holdings PLC,FDM.L
FMC Corp,FMC
FSN E-Commerce Ventures Ltd,NYKAA.NS
FUCHS SE,FPE3.DE
FactSet Research Systems Inc,FDS
Fair Isaac Corp,FICO
Fairfax Financial Holdings Ltd,FFH.TO
Fastenal Co,FAST
FedEx Corp,FDX
Federal Bank Ltd,FEDERALBNK.NS
Federal Realty Investment Trust,FRT
Ferguson Enterprises Inc,FERG
Fidelity National Information Services Inc,FIS
Fifth Third Bancorp,FITB
Filtronic PLC,FTC.L
Finning International Inc,FTT.TO
Finolex Cables Ltd,FINCABLES.NS
First Capital Real Estate Investment Trust,FCR-UN.TO
First Horizon Corp,FHN
First Industrial Realty Trust Inc,FR
First Quantum Minerals Ltd,FM.TO
First Solar Inc,FSLR
FirstService Corp,FSV.TO
Fiserv Inc,FI
Five-Star Business Finance Ltd,FIVESTAR.NS
Flex Ltd,FLEX
Flowers Foods Inc,FLO
Flutter Entertainment PLC,FLUT
Ford Motor Co,F
Fortinet Inc,FTNT
Fortis Healthcare Ltd,FORTIS.NS
Fortis Inc/Canada,FTS.TO
Fortive Corp,FTV
Fortune Brands Innovations Inc,FBIN
Fox Corp,FOX
Franco-Nevada Corp,FNV.TO
Freenet AG,FNTN.DE
Fresenius Medical Care AG,FME.DE
Fresenius SE & Co KGaA,FRE.DE
Freshworks Inc,FRSH
Fresnillo PLC,FRES.L
Frontier Communications Parent Inc,FYBR
Fulcrum Therapeutics Inc,FULC
Funding Circle Holdings PLC,FCH.L
G-III Apparel Group Ltd,GIII
GE HealthCare Technologies Inc,GEHC
GE Vernova Inc,GEV
GE Vernova T&D India Ltd,GEVERNOVA.NS
GEA Group AG,G1A.DE
GFL Environmental Inc,GFL.TO
GHCL Ltd,GHCL.NS
GMM Pfaudler Ltd,GMMPFAUDLR.NS
GMR Airports Ltd,GMRAIRPORT.NS
GSK PLC,GSK.L
GTPL Hathway Ltd,GTPL.NS
Gabriel India Ltd,GABRIEL.NS
Games Workshop Group PLC,GAW.L
Garmin Ltd,GRMN
Gartner Inc,IT
Garware Hi-Tech Films Ltd,GARFIBRES.NS
Gates Industrial Corp PLC,GTES
Generac Holdings Inc,GNRC
General Electric Co,GE
General Mills Inc,GIS
General Motors Co,GM
Genting Singapore Ltd,G13.SI
Genuine Parts Co,GPC
Genus PLC,GNS.L
George Weston Ltd,WN.TO
Georgia Capital PLC,CGEO.L
Gerresheimer AG,GXI.DE
Gibson Energy Inc,GEI.TO
Gildan Activewear Inc,GIL.TO
Gilead Sciences Inc,GILD
Gillette India Ltd,GILLETTE.NS
Gland Pharma Ltd,GLAND.NS
GlaxoSmithKline Pharmaceuticals Ltd,GLAXO.NS
Glenmark Pharmaceuticals Ltd,GLENMARK.NS
Global Health Ltd/India,MEDANTA.NS
Global Payments Inc,GPN
Globe Life Inc,GL
Go Digit General Insurance Ltd,GODIGIT.NS
Godawari Power and Ispat Ltd,GPIL.NS
Godrej Agrovet Ltd,GODREJAGRO.NS
Godrej Consumer Products Ltd,GODREJCP.NS
Godrej Properties Ltd,GODREJPROP.NS
Golar LNG Ltd,GLNG
Goldman Sachs Group Inc/The,GS
Grainger PLC,GRI.L
Grand Canyon Education Inc,LOPE
Grand City Properties SA,GYC.DE
Granite Real Estate Investment Trust,GRT-UN.TO
Grasim Industries Ltd,GRASIM.NS
Gravita India Ltd,GRAVITA.NS
Great Eastern Shipping Co Ltd/The,GESHIP.NS
Great Portland Estates PLC,GPE.L
Greggs PLC,GRG.L
Grindwell Norton Ltd,GRINDWELL.NS
Group 1 Automotive Inc,GPI
Guardant Health Inc,GH
Gujarat Gas Ltd,GUJGASLTD.NS
Gujarat Narmada Valley Fertilizers & Chemicals Ltd,GNFC.NS
Gujarat Pipavav Port Ltd,GPPL.NS
Gujarat State Fertilizers & Chemicals Ltd,GSFC.NS
Gujarat State Petronet Ltd,GSPL.NS
HCA Healthcare Inc,HCA
HCL Technologies Ltd,HCLTECH.NS
HDFC Asset Management Co Ltd,HDFCAMC.NS
HDFC Bank Ltd,HDFCBANK.NS
HDFC Life Insurance Co Ltd,HDFCLIFE.NS
HF Sinclair Corp,DINO
HFCL Ltd,HFCL.NS
HOCHTIEF AG,HOT.DE
HSBC Holdings PLC,HSBA.L
HUGO BOSS AG,BOSS.DE
Haleon PLC,HLN.L
Halliburton Co,HAL
Halma PLC,HLMA.L
Hannover Rueck SE,HNR1.DE
Happiest Minds Technologies Ltd,HAPPSTMNDS.NS
Hartford Insurance Group Inc/The,HIG
Havells India Ltd,HAVELLS.NS
Hays PLC,HAS.L
Heidelberg Materials AG,HEIG.DE
HelloFresh SE,HFG.DE
Helmerich & Payne Inc,HP
Henkel AG & Co KGaA,HEN3.DE
Herc Holdings Inc,HRI
Hero MotoCorp Ltd,HEROMOTOCO.NS
Hershey Co/The,HSY
Hexaware Technologies Ltd,HEXAWARE.NS
Hexcel Corp,HXL
Hikma Pharmaceuticals PLC,HIK.L
Hill & Smith PLC,HILS.L
Hilton Worldwide Holdings Inc,HLT
Himadri Speciality Chemical Ltd,HSCL.NS
Hindustan Aeronautics Ltd,HAL.NS
Hindustan Construction Co Ltd,HCC.NS
Hindustan Copper Ltd,HINDCOPPER.NS
Hindustan Petroleum Corp Ltd,HINDPETRO.NS
Hindustan Unilever Ltd,HINDUNILVR.NS
Hiscox Ltd,HSX.L
Hitachi Energy India Ltd,POWERINDIA.NS
Hologic Inc,HOLX
Home Depot Inc/The,HD
Home First Finance Co India Ltd,HOMEFIRST.NS
Host Hotels & Resorts Inc,HST
Howden Joinery Group PLC,HWDN.L
Howmet Aerospace Inc,HWM
Humana Inc,HUM
Hunting PLC,HTG.L
Huntington Bancshares Inc/OH,HBAN
Hutchison Port Holdings Trust,NS8U.SI
Hydro One Ltd,H.TO
Hyundai Motor India Ltd,HYUNDAI.NS
ICICI Bank Ltd,ICICIBANK.NS
ICICI Lombard General Insurance Co Ltd,ICICIGI.NS
ICICI Prudential Life Insurance Co Ltd,ICICIPRULI.NS
ICON PLC,ICLR
IDFC First Bank Ltd,IDFCFIRSTB.NS
IG Group Holdings PLC,IGG.L
IMI PLC,IMI.L
ION Exchange India Ltd,IONEXCHANG.NS
IONOS Group SE,IOS.DE
IQVIA Holdings Inc,IQV
ITC Hotels Ltd,ITCHOTELS.NS
Illinois Tool Works Inc,ITW
Inchcape PLC,INCH.L
Indegene Ltd,INDEGENE.NS
IndiaMart InterMesh Ltd,INDIAMART.NS
Indian Hotels Co Ltd/The,INDHOTEL.NS
Indian Oil Corp Ltd,IOC.NS
Indian Railway Catering & Tourism Corp Ltd,IRCTC.NS
Indian Railway Finance Corp Ltd,IRFC.NS
Indraprastha Gas Ltd,IGL.NS
Indus Towers Ltd,INDUSTOWER.NS
IndusInd Bank Ltd,INDUSINDBK.NS
Infineon Technologies AG,IFX.DE
Info Edge India Ltd,NAUKRI.NS
Informa PLC,INF.L
Infosys Ltd,INFY.NS
Ingersoll Rand Inc,IR
Ingredion Inc,INGR
Inox Wind Ltd,INOXWIND.NS
Insmed Inc,INSM
Instone Real Estate Group SE,INS.DE
Insulet Corp,PODD
Intact Financial Corp,IFC.TO
Intel Corp,INTC
Intellect Design Arena Ltd,INTELLECT.NS
InterContinental Hotels Group PLC,IHG.L
InterDigital Inc,IDCC
InterGlobe Aviation Ltd,INDIGO.NS
Intercontinental Exchange Inc,ICE
International Business Machines Corp,IBM
International Consolidated Airlines Group SA,IAG.L
International Flavors & Fragrances Inc,IFF
International Gemmological Institute India Ltd,IGIL.NS
International Paper Co,IP
Intertek Group PLC,ITRK.L
Intuit Inc,INTU
Intuitive Surgical Inc,ISRG
Inventurus Knowledge Solutions Ltd,IKS.NS
Invitation Homes Inc,INVH
Ipca Laboratories Ltd,IPCALAB.NS
JB Chemicals & Pharmaceuticals Ltd,JBCHEPHARM.NS
JB Hunt Transport Services Inc,JBHT
JD Sports Fashion PLC,JD.L
JFrog Ltd,FROG
JK Cement Ltd,JKCEMENT.NS
JK Paper Ltd,JKPAPER.NS
JPMorgan Chase & Co,JPM
JSW Steel Ltd,JSWSTEEL.NS
JTC PLC,JTC.L
Jabil Inc,JBL
Jackson Financial Inc,JXN
Jai Balaji Industries Ltd,JAIBALAJI.NS
James Fisher & Sons PLC,FSJ.L
Janus Henderson Group PLC,JHG
Jenoptik AG,JEN.DE
Jio Financial Services Ltd,JIOFIN.NS
Johnson & Johnson,JNJ
Johnson Controls International plc,JCI
Johnson Matthey PLC,JMAT.L
Jubilant Foodworks Ltd,JUBLFOOD.NS
Jubilant Ingrevia Ltd,JUBLINDS.NS
Jubilant Pharmova Ltd,JUBILANT.NS
Jupiter Life Line Hospitals Ltd,JLHL.NS
Just Dial Ltd,JUSTDIAL.NS
Jyothy Labs Ltd,JYOTHYLAB.NS
Jyoti CNC Automation Ltd,JYOTICNC.NS
K+S AG,SDF.DE
KBR Inc,KBR
KEC International Ltd,KEC.NS
KEI Industries Ltd,KEI.NS
KKR & Co Inc,KKR
KLA Corp,KLAC
KPI Green Energy Ltd,KPIGREEN.NS
KPIT Technologies Ltd,KPITTECH.NS
KPR Mill Ltd,KPRMILL.NS
KRBL Ltd,KRBL.NS
KWS Saat SE & Co KGaA,KWS.DE
Kalyan Jewellers India Ltd,KALYANKJIL.NS
Kaveri Seed Co Ltd,KSCL.NS
Kaynes Technology India Ltd,KAYNES.NS
Kenvue Inc,KVUE
Keppel Infrastructure Trust,A7RU.SI
Keppel Ltd,BN4.SI
Keurig Dr Pepper Inc,KDP
Keyera Corp,KEY.TO
Keysight Technologies Inc,KEYS
Kilroy Realty Corp,KRC
Kimberly-Clark Corp,KMB
Kinaxis Inc,KXS.TO
Kinder Morgan Inc,KMI
Kingfisher PLC,KGF.L
Kinross Gold Corp,K.TO
Kirloskar Oil Engines Ltd,KIRLOSENG.NS
Kirloskar Pneumatic Co Ltd,KIRLPNU.NS
Klarna Group PLC,KLAR
Knorr-Bremse AG,KBX.DE
Kotak Mahindra Bank Ltd,KOTAKBANK.NS
Kraft Heinz Co/The,KHC
Krishna Institute of Medical Sciences Ltd,KIMS.NS
Kroger Co/The,KR
Kwality Wall's India Ltd,KWIL.NS
L&T Finance Ltd,LTF.NS
L&T Technology Services Ltd,LTTS.NS
LANXESS AG,LXS.DE
LEG Immobilien SE,LEG.DE
LG Electronics India Ltd,LGEINDIA.NS
LIC Housing Finance Ltd,LICHSGFIN.NS
LKQ Corp,LKQ
LPKF Laser & Electronics SE,LPK.DE
LPL Financial Holdings Inc,LPLA
LT Foods Ltd,LTFOODS.NS
LTIMindtree Ltd,LTIM.NS
LXP Industrial Trust,LXP
Labcorp Holdings Inc,LH
Lam Research Corp,LRCX
Lamb Weston Holdings Inc,LW
Land Securities Group PLC,LAND.L
Lattice Semiconductor Corp,LSCC
Laurus Labs Ltd,LAURUSLABS.NS
Lazard Inc,LAZ
Lear Corp,LEA
Legal & General Group PLC,LGEN.L
Leidos Holdings Inc,LDOS
Lemon Tree Hotels Ltd,LEMONTREE.NS
LendInvest PLC,LINV.L
Lennar Corp,LEN
Lenskart Solutions Ltd,LENSKART.NS
Liberty Broadband Corp,LBRDA
Liberty Global Ltd,LBTYA
Liberty Latin America Ltd,LILA
Liberty Media Corp-Liberty Formula One,FWONA
Life360 Inc,360
Lightspeed Commerce Inc,LSPD.TO
Linamar Corp,LNR.TO
Lincoln Electric Holdings Inc,LECO
Linde India Ltd,LINDEINDIA.NS
Linde PLC,LIN
Lineage Inc,LINE
Lion Finance Group PLC,LIOF.L
Lithia Motors Inc,LAD
Lloyds Banking Group PLC,LLOY.L
Lloyds Metals & Energy Ltd,LLOYDSMETAL.NS
Loblaw Cos Ltd,L.TO
Lodha Developers Ltd,LODHA.NS
Loews Corp,L
London Stock Exchange Group PLC,LSEG.L
LondonMetric Property PLC,LMP.L
Lowe's Cos Inc,LOW
Lumen Technologies Inc,LUMN
Lumentum Holdings Inc,LITE
Lupin Ltd,LUPIN.NS
M&G PLC,MNG.L
M&T Bank Corp,MTB
ME GROUP INTERNATIONAL PLC,MEGP.L
METRO AG,B4B.DE
MGIC Investment Corp,MTG
MONY Group PLC,MONY.L
MP Evans Group PLC,MPE.L
MP Materials Corp,MP
MRF Ltd,MRF.NS
MSCI Inc,MSCI
MTAR Technologies Ltd,MTAR.NS
MTU Aero Engines AG,MTX.DE
Macy's Inc,M
Magna International Inc,MG.TO
Mahanagar Gas Ltd,MGL.NS
Mahindra & Mahindra Financial Services Ltd,M&MFIN.NS
Mahindra & Mahindra Ltd,M&M.NS
Mahindra Holidays & Resorts India Ltd,MHRIL.NS
Mahindra Lifespace Developers Ltd,MAHLIFE.NS
Mahindra Logistics Ltd,MAHLOG.NS
MakeMyTrip Ltd,MMYT
Man Group PLC/Jersey,EMG.L
Manappuram Finance Ltd,MANAPPURAM.NS
Mangalore Refinery & Petrochemicals Ltd,MRPL.NS
Mankind Pharma Ltd,MANKIND.NS
Manulife Financial Corp,MFC.TO
Maple Leaf Foods Inc,MFI.TO
Mapletree Industrial Trust,ME8U.SI
Mapletree Logistics Trust,M44U.SI
Marathon Petroleum Corp,MPC
Marico Ltd,MARICO.NS
MarketAxess Holdings Inc,MKTX
Marks & Spencer Group PLC,MKS.L
Marksans Pharma Ltd,MARKSANS.NS
Marriott International Inc/MD,MAR
Marsh & McLennan Cos Inc,MMC
Maruti Suzuki India Ltd,MARUTI.NS
Marvell Technology Inc,MRVL
Mastek Ltd,MASTEK.NS
Mastercard Inc,MA
Match Group Inc,MTCH
Mattel Inc,MAT
Max Financial Services Ltd,MFSL.NS
Max Healthcare Institute Ltd,MAXHEALTH.NS
Mazagon Dock Shipbuilders Ltd,MAZDOCK.NS
McDonald's Corp,MCD
McKesson Corp,MCK
Medline Inc,MDLN
Medplus Health Services Ltd,MEDPLUS.NS
Medtronic PLC,MDT
Melrose Industries PLC,MRO.L
MercadoLibre Inc,MELI
Mercedes-Benz Group AG,MBG.DE
Merck & Co Inc,MRK
Merck KGaA,MRK.DE
Meritage Homes Corp,MTH
MetLife Inc,MET
Meta Platforms Inc,META
Metlen Energy & Metals PLC,METLEN.L
Metro Inc/CN,MRU.TO
Metropolis Healthcare Ltd,METROPOLIS.NS
Mettler-Toledo International Inc,MTD
Microchip Technology Inc,MCHP
Micron Technology Inc,MU
Microsoft Corp,MSFT
Mid-America Apartment Communities Inc,MAA
Millrose Properties Inc,MRP
Mindspace Business Parks REIT,MINDSPACE.NS
Mitie Group PLC,MTO.L
Mobico Group PLC,MCG.L
Molson Coors Beverage Co,TAP
Molson Coors Canada Inc,TPX-B.TO
Mondelez International Inc,MDLZ
Mondi PLC,MNDI.L
Monolithic Power Systems Inc,MPWR
Monster Beverage Corp,MNST
Moody's Corp,MCO
Morgan Stanley,MS
Mosaic Co/The,MOS
Motherson Sumi Wiring India Ltd,MSUMI.NS
Motorola Solutions Inc,MSI
Mphasis Ltd,MPHASIS.NS
Mrs Bectors Food Specialities Ltd,BECTORFOOD.NS
Mueller Industries Inc,MLI
Muenchener Rueckversicherungs-Gesellschaft AG in Muenchen,MUV2.DE
Multi Commodity Exchange of India Ltd,MCX.NS
Muthoot Finance Ltd,MUTHOOTFIN.NS
NBCC India Ltd,NBCC.NS
NCC Ltd/India,NCC.NS
NETLINK NBN TRUST,CJLU.SI
NIKE Inc,NKE
NMC Health PLC,NMC.L
NOV Inc,NOV
NTPC Green Energy Ltd,NTPCGREEN.NS
NTT DC REIT,NTTU.SI
NU Holdings Ltd/Cayman Islands,NU
NVIDIA Corp,NVDA
NXP Semiconductors NV,NXPI
Narayana Hrudayalaya Ltd,NH.NS
Nasdaq Inc,NDAQ
NatWest Group PLC,NWG.L
Natco Pharma Ltd,NATCOPHARM.NS
Natera Inc,NTRA
National Aluminium Co Ltd,NATIONALUM.NS
National Bank of Canada,NA.TO
National Fuel Gas Co,NFG
National Grid PLC,NG.L
Navin Fluorine International Ltd,NAVINFLUOR.NS
Nemetschek SE,NEM.DE
Nestle India Ltd,NESTLEIND.NS
Netflix Inc,NFLX
Netweb Technologies India Ltd,NETWEB.NS
Network18 Media & Investments Ltd,NETWORK18.NS
Neuland Laboratories Ltd,NEULANDLAB.NS
Neurogene Inc,NGNE
New Jersey Resources Corp,NJR
Newgen Software Technologies Ltd,NEWGEN.NS
Newmont Corp,NEM
News Corp,NWSA
Next PLC,NXT.L
NextEra Energy Inc,NEE
Nextpower Inc,NXTP
Nexus Select Trust,NEXUSSELECT.NS
NiSource Inc,NI
Nippon Life India Asset Management Ltd,NAM-INDIA.NS
Nordex SE,NDX1.DE
Norfolk Southern Corp,NSC
Northland Power Inc,NPI.TO
Northwestern Energy Group Inc,NWE
Noventiq Holdings plc,NVTQ.L
Nucor Corp,NUE
Nutrien Ltd,NTR.TO
Nuvama Wealth Management Ltd,NUVAMA.NS
O'Reilly Automotive Inc,ORLY
OGE Energy Corp,OGE
ONE Gas Inc,OGS
ONEOK Inc,OKE
ORIC Pharmaceuticals Inc,ORIC
OSB Group PLC,OSB.L
OSRAM Licht AG,OSR.DE
Oberoi Realty Ltd,OBEROIRLTY.NS
Ocado Group PLC,OCDO.L
Oklo Inc,OKLO
One 97 Communications Ltd,PAYTM.NS
One Mobikwik Systems Ltd,MOBIKWIK.NS
Onesource Specialty Pharma Ltd,ONESOURCE.NS
Onestream Inc,OS
Open Text Corp,OTEX.TO
Optimum Communications Inc,OPTU
Oracle Corp,ORCL
Oracle Financial Services Software Ltd,OFSS.NS
Orkla India Ltd,ORKLAINDIA.NS
Ormat Technologies Inc,ORA
Otis Worldwide Corp,OTIS
Oversea-Chinese Banking Corp Ltd,O39.SI
Oxford Nanopore Technologies PLC,ONT.L
PACCAR Inc,PCAR
PB Fintech Ltd,POLICYBZR.NS
PBF Energy Inc,PBF
PCBL CHEMICAL Ltd,PCBL.NS
PG Electroplast Ltd,PGEL.NS
PG&E Corp,PCG
PI Industries Ltd,PIIND.NS
PNB Housing Finance Ltd,PNBHOUSING.NS
PNC Financial Services Group Inc/The,PNC
PPL Corp,PPL
PTC Industries Ltd,PTCIL.NS
PVR Inox Ltd,PVRINOX.NS
Palantir Technologies Inc,PLTR
Palo Alto Networks Inc,PANW
Pan African Resources PLC,PAF.L
Pan American Silver Corp,PAAS.TO
Paradeep Phosphates Ltd,PARADEEP.NS
Parker-Hannifin Corp,PH
Patanjali Foods Ltd,PATANJALI.NS
PayPal Holdings Inc,PYPL
Pembina Pipeline Corp,PPL.TO
Pennon Group PLC,PNN.L
Pensionbee Group PLC,PBEE.L
PepsiCo Inc,PEP
Performance Food Group Co,PFGC
Perrigo Co PLC,PRGO
Persimmon PLC,PSN.L
Persistent Systems Ltd,PERSISTENT.NS
Petrofac Ltd,PFC.L
Petronet LNG Ltd,PETRONET.NS
Pets at Home Group Plc,PETS.L
Pfizer Inc,PFE
Phillips 66,PSX
Phoenix Group Holdings PLC,PHNX.L
Phoenix Mills Ltd/The,PHOENIXLTD.NS
Pidilite Industries Ltd,PIDILITIND.NS
Pinnacle Financial Partners Inc,PNFP
Pinnacle West Capital Corp,PNW
Pinterest Inc,PINS
Piramal Finance Ltd,PIRAMALFINL.NS
Piramal Pharma Ltd,PPLPHARMA.NS
Playtech Plc,PTEC.L
Plug Power Inc,PLUG
Poly Medicure Ltd,POLYMED.NS
Polycab India Ltd,POLYCAB.NS
Porsche Automobil Holding SE,PAH3.DE
Post Holdings Inc,POST
PotlatchDeltic Corp,PCH
Power Corp of Canada,POW.TO
Power Finance Corp Ltd,PFC.NS
Power Grid Corp of India Ltd,POWERGRID.NS
Praj Industries Ltd,PRAJIND.NS
Premier Energies Ltd,PREMIERENE.NS
Premium Brands Holdings Corp,PBH.TO
Prestige Estates Projects Ltd,PRESTIGE.NS
Procore Technologies Inc,PCOR
Procter & Gamble Co/The,PG
Procter & Gamble Health Ltd,PGHL.NS
Progressive Corp/The,PGR
Prologis Inc,PLD
Prudential PLC,PRU.L
Public Service Enterprise Group Inc,PEG
Public Storage,PSA
PulteGroup Inc,PHM
Puma SE,PUM.DE
Punjab National Bank,PNB.NS
PureTech Health PLC,PRTC.L
Q2 Holdings Inc,QTWO
QIAGEN NV,QIA.DE
QUALCOMM Inc,QCOM
Quanta Services Inc,PWR
Quebecor Inc,QBR-B.TO
Quilter PLC,QLT.L
RB Global Inc,RBA.TO
RBC Bearings Inc,RBC
RBL Bank Ltd,RBLBANK.NS
REC Ltd,RECLTD.NS
RELX PLC,REL.L
REV Group Inc,REVG
RHT Health Trust,RHT.SI
RM PLC,RM.L
ROBLOX Corp,RBLX
RR Kabel Ltd,RRKABEL.NS
RTX Corp,RTX
RWE AG,RWE.DE
Radian Group Inc,RDN
Radico Khaitan Ltd,RADICO.NS
Raffles Medical Group Ltd,BSL.SI
Railtel Corp of India Ltd,RAILTEL.NS
Rain Industries Ltd,RAIN.NS
Rainbow Children's Medicare Ltd,RAINBOW.NS
Ralliant Corp,RALY
Rambus Inc,RMBS
Ramco Cements Ltd/The,RAMCOCEM.NS
Ramkrishna Forgings Ltd,RKFORGE.NS
Rategain Travel Technologies Ltd,RATEGAIN.NS
Ratnamani Metals & Tubes Ltd,RATNAMANI.NS
Raymond Realty Ltd,RAYMONDLSL.NS
Rayonier Inc,RYN
ReNew Energy Global PLC,RNW
Realty Income Corp,O
Reckitt Benckiser Group PLC,RKT.L
Redcare Pharmacy NV,RDC.DE
Redington Ltd,REDINGTON.NS
Regal Rexnord Corp,RRX
Regency Centers Corp,REG
Regeneron Pharmaceuticals Inc,REGN
Reliance Inc,RS
Reliance Industries Ltd,RELIANCE.NS
Rentokil Initial PLC,RTO.L
Republic Services Inc,RSG
ResMed Inc,RMD
Restaurant Brands International Inc,QSR.TO
Revolution Medicines Inc,RVMD
Rheinmetall AG,RHM.DE
Rightmove PLC,RMV.L
Rio Tinto PLC,RIO.L
RioCan Real Estate Investment Trust,REI-UN.TO
Riverstone Holdings Ltd,AP4.SI
Robinhood Markets Inc,HOOD
Rocket Internet SE,RKET.DE
Rockpoint Gas Storage Inc,RPT.TO
Rockwell Automation Inc,ROK
Rogers Corp,ROG
Roku Inc,ROKU
Rolls-Royce Holdings PLC,RR.L
Roper Technologies Inc,ROP
Rosebank Industries PLC,ROSE.L
Ross Stores Inc,ROST
Rotork PLC,ROR.L
Route Mobile Ltd,ROUTE.NS
Royal Bank of Canada,RY.TO
Royal Caribbean Cruises Ltd,RCL
Royal Gold Inc,RGLD
Royalty Pharma PLC,RPRX
Rubrik Inc,RBRK
S&P Global Inc,SPGI
SAI Life Sciences Ltd,SAILIFE.NS
SAP SE,SAP.DE
SATS Ltd,S58.SI
SBFC Finance Ltd,SBFC.NS
SBI Cards & Payment Services Ltd,SBICARD.NS
SBI Life Insurance Co Ltd,SBILIFE.NS
SIA Engineering Co Ltd,S59.SI
SJVN Ltd,SJVN.NS
SKF India Ltd,SKFINDIA.NS
SLB Ltd,SLB
SOUTHSTATE BANK CORP,SSB
SRF Ltd,SRF.NS
SSE PLC,SSE.L
SSP Group Plc,SSPG.L
SSR Mining Inc,SSRM.TO
STAG Industrial Inc,STAG
STERIS PLC,STE
STRATEC SE,SBS.DE
Safari Industries India Ltd,SAFARI.NS
Sage Group PLC/The,SGE.L
Sagility Ltd,SAGILITY.NS
Saia Inc,SAIA
SailPoint Inc,SAIL
Salesforce Inc,CRM
Samvardhana Motherson International Ltd,MOTHERSON.NS
Sandisk Corp/DE,SNDK
Sanofi Consumer Healthcare India Ltd,SANOFICONR.BO
Sanofi India Ltd,SANOFI.NS
Sansera Engineering Ltd,SANSERA.NS
Saputo Inc,SAP.TO
Sarda Energy & Minerals Ltd,SARDAEN.NS
Saregama India Ltd,SAREGAMA.NS
Sartorius AG,SRT3.DE
Schaeffler AG,SHA.DE
Schaeffler India Ltd,SCHAEFFLER.NS
Scholar Rock Holding Corp,SRRK
Science Applications International Corp,SAIC
Scotts Miracle-Gro Co/The,SMG
Scout24 SE,G24.DE
Sea Ltd,SE
Seagate Technology Holdings PLC,STX
Sealed Air Corp,SEE
Seatrium Ltd,S51.SI
Secure Trust Bank PLC,STB.L
Secure Waste Infrastructure Corp,SES.TO
Segro PLC,SGRO.L
Sembcorp Industries Ltd,U96.SI
Semler Scientific Inc,SMLR
Sempra,SRE
Senco Gold Ltd,SENCO.NS
Sensient Technologies Corp,SXT
ServiceNow Inc,NOW
Severn Trent PLC,SVT.L
Shaftesbury Capital PLC,SHC.L
Shell PLC,SHEL.L
Sheng Siong Group Ltd,OV8.SI
Sherwin-Williams Co/The,SHW
Shoals Technologies Group Inc,SHLS
Shoe Zone PLC,SHOE.L
Shopify Inc,SHOP.TO
Shree Cement Ltd,SHREECEM.NS
Shree Renuka Sugars Ltd,RENUKA.NS
Shriram Finance Ltd,SHRIRAMFIN.NS
Shyam Metalics & Energy Ltd,SHYAMMETL.NS
Siemens AG,SIE.DE
Siemens Energy AG,ENR.DE
Siemens Energy India Ltd,ENRIN.NS
Siemens Healthineers AG,SHL.DE
Siemens Ltd,SIEMENS.NS
SignatureGlobal India Ltd,SIGNATURE.NS
Silicon Laboratories Inc,SLAB
Simon Property Group Inc,SPG
Singapore Airlines Ltd,C6L.SI
Singapore Exchange Ltd,S68.SI
Singapore Post Ltd,S08.SI
Singapore Technologies Engineering Ltd,S63.SI
Singapore Telecommunications Ltd,Z74.SI
SmartCentres Real Estate Investment Trust,SRU-UN.TO
Smith & Nephew PLC,SN.L
Smiths Group PLC,SMIN.L
Smurfit WestRock PLC,SW
Snowflake Inc,SNOW
SoFi Technologies Inc,SOFI
Sobha Ltd,SOBHA.NS
SolGold PLC,SOLG.L
Solar Industries India Ltd,SOLARINDS.NS
Solstice Advanced Materials Inc,SLST
Somnigroup International Inc,SGI
Sona Blw Precision Forgings Ltd,SONACOMS.NS
Sonata Software Ltd,SONATSOFTW.NS
South Bow Corp,SOBO.TO
Southern Co/The,SO
Southern Copper Corp,SCCO
Speedy Hire PLC,SDY.L
Spirax Group PLC,SPX.L
Spire Inc,SR
Spotify Technology SA,SPOT
Sprouts Farmers Market Inc,SFM
St James's Place PLC,STJ.L
Standard Chartered PLC,STAN.L
StandardAero Inc,SARO
Stantec Inc,STN.TO
Star Health & Allied Insurance Co Ltd,STARHEALTH.NS
StarHub Ltd,CC3.SI
Starbucks Corp,SBUX
State Bank of India,SBIN.NS
Steel Dynamics Inc,STLD
Sterling and Wilson Renewable,SWSOLAR.NS
Sterlite Technologies Ltd,STLTECH.NS
Stifel Financial Corp,SF
StoneCo Ltd,STNE
Strategy Inc,MSTR
Strides Pharma Science Ltd,STAR.NS
Stryker Corp,SYK
Sudarshan Chemical Industries Ltd,SUDARSCHEM.NS
Suedzucker AG,SZU.DE
Sumitomo Chemical India Ltd,SUMICHEM.NS
Sun Communities Inc,SUI
Sun Life Financial Inc,SLF.TO
Sun Pharma Advanced Research Co Ltd,SPARC.NS
Sun Pharmaceutical Industries Ltd,SUNPHARMA.NS
Sundaram Finance Ltd,SUNDARMFIN.NS
Sundram Fasteners Ltd,SUNDRMFAST.NS
Sunococorp LLC,SUN
Supreme Industries Ltd,SUPREMEIND.NS
Supreme Petrochem Ltd,SUPPETRO.NS
Suzlon Energy Ltd,SUZLON.NS
Swiggy Ltd,SWIGGY.NS
Symrise AG,SY1.DE
Synchrony Financial,SYF
Syngene International Ltd,SYNGENE.NS
Synopsys Inc,SNPS
Synovus Financial Corp,SNV
Syrma SGS Technology Ltd,SYRMA.NS
Sysco Corp,SYY
T-Mobile US Inc,TMUS
TAG Immobilien AG,TEG.DE
TBC Bank Group PLC,TBCG.L
TC Energy Corp,TRP.TO
TE Connectivity PLC,TEL
TEGNA Inc,TGNA
TELUS Corp,T.TO
TFI International Inc,TFII.TO
TJX Cos Inc/The,TJX
TLG Immobilien AG,TLG.DE
TUI AG,TUI1.DE
TVS Motor Co Ltd,TVSMOTOR.NS
TXNM Energy Inc,TXNM
Take-Two Interactive Software Inc,TTWO
Talanx AG,TLX.DE
Talen Energy Corp,TLN
Tandem Diabetes Care Inc,TNDM
Tanla Platforms Ltd,TANLA.NS
Tapestry Inc,TPR
Targa Resources Corp,TRGP
Target Corp,TGT
Tata Capital Ltd,TATACAP.NS
Tata Chemicals Ltd,TATACHEM.NS
Tata Communications Ltd,TATACOMM.NS
Tata Consultancy Services Ltd,TCS.NS
Tata Consumer Products Ltd,TATACONSUM.NS
Tata Elxsi Ltd,TATAELXSI.NS
Tata Motors Ltd /new,TMCV.NS
Tata Motors Passenger Vehicles Limited,TMPV.NS
Tata Steel Ltd,TATASTEEL.NS
Tata Technologies Ltd,TATATECH.NS
Tata Teleservices Maharashtra Ltd,TTML.NS
Tate & Lyle PLC,TATE.L
Taylor Wimpey PLC,TW.L
Tbo Tek Ltd,TBO.NS
TeamViewer SE,TMV.DE
Tech Mahindra Ltd,TECHM.NS
TechnipFMC PLC,FTI
Teck Resources Ltd,TECK-B.TO
Tejas Networks Ltd,TEJASNET.NS
Telecom Plus PLC,TEP.L
Teledyne Technologies Inc,TDY
Teleflex Inc,TFX
Tenet Healthcare Corp,THC
Tenneco Clean Air India Ltd,TENNIND.NS
Terex Corp,TEX
Terreno Realty Corp,TRNO
Tesco PLC,TSCO.L
Tesla Inc,TSLA
Texas Instruments Inc,TXN
Thai Beverage PCL,Y92.SI
Thermax Ltd,THERMAX.NS
Thermo Fisher Scientific Inc,TMO
Thomas Cook India Ltd,THOMASCOOK.NS
Thomson Reuters Corp,TRI.TO
Timken Co/The,TKR
Timken India Ltd,TIMKEN.NS
Titagarh Rail System Ltd,TITAGARH.NS
Titan Co Ltd,TITAN.NS
Toromont Industries Ltd,TIH.TO
Toronto-Dominion Bank/The,TD.TO
Torrent Pharmaceuticals Ltd,TORNTPHARM.NS
Torrent Power Ltd,TORNTPOWER.NS
Tractor Supply Co,TSCO
Trainline PLC,TRN.L
Trane Technologies PLC,TT
TransAlta Corp,TA.TO
TransDigm Group Inc,TDG
Transformers & Rectifiers India Ltd,TARIL.NS
Travel + Leisure Co,TNL
Travelers Cos Inc/The,TRV
Trent Ltd,TRENT.NS
Tribal Group PLC,TRB.L
Triveni Engineering & Industries Ltd,TRIVENI.NS
Truist Financial Corp,TFC
Tube Investments of India Ltd,TIINDIA.NS
Tyler Technologies Inc,TYL
Tyson Foods Inc,TSN
UDR Inc,UDR
UFP Industries Inc,UFPI
UGI Corp,UGI
UMS Integration Ltd,558.SI
UNITE Group PLC/The,UTG.L
UNO Minda Ltd,UNOMINDA.NS
UPL Ltd,UPL.NS
US Bancorp,USB
US Foods Holding Corp,USFD
UTI Asset Management Co Ltd,UTIAMC.NS
Uber Technologies Inc,UBER
Ubiquiti Inc,UI
Udemy Inc,UDMY
Ulta Beauty Inc,ULTA
UltraGreen.ai Ltd,UGN.SI
UltraTech Cement Ltd,ULTRACEMCO.NS
Unilever PLC,ULVR.L
Union Bank of India Ltd,UNIONBANK.NS
Union Pacific Corp,UNP
United Breweries Ltd,UBL.NS
United Internet AG,UTDI.DE
United Overseas Bank Ltd,U11.SI
United Parcel Service Inc,UPS
United Rentals Inc,URI
United Spirits Ltd,UNITDSPR.NS
United Therapeutics Corp,UTHR
United Utilities Group PLC,UU.L
UnitedHealth Group Inc,UNH
Universal Display Corp,OLED
Unum Group,UNM
Upstream Bio Inc,UPB
Uranium Energy Corp,UEC
Usha Martin Ltd,USHAMART.NS
V-Mart Retail Ltd,VMART.NS
VA Tech Wabag Ltd,WABAG.NS
VF Corp,VFC
VICI Properties Inc,VICI
Valaris Ltd,VAL
Valero Energy Corp,VLO
Valor Estate Ltd,VALORESTATE.NS
Vanquis Banking Group PLC,VANQ.L
Vantage Towers AG,VTWR.DE
Vardhman Textiles Ltd,VTL.NS
Varroc Engineering Ltd,VARROC.NS
Varun Beverages Ltd,VBL.NS
Vedant Fashions Ltd,MANYAVAR.NS
Veeva Systems Inc,VEEV
Ventas Inc,VTR
Venture Corp Ltd,V03.SI
Vera Therapeutics Inc,VERA
Verizon Communications Inc,VZ
Vertex Pharmaceuticals Inc,VRTX
Vertiv Holdings Co,VRT
Vertu Motors PLC,VTU.L
Viasat Inc,VSAT
Victrex PLC,VCT.L
Vijaya Diagnostic Centre Ltd,VIJAYA.NS
Viking Holdings Ltd,VIK
Vinati Organics Ltd,VINATIORGA.NS
Visa Inc,V
Vishal Mega Mart Ltd,VISHAL.NS
Vistra Corp,VST
Vodafone Group PLC,VOD.L
Vodafone Idea Ltd,IDEA.NS
Volkswagen AG,VOW3.DE
Voltamp Transformers Ltd,VOLTAMP.NS
Voltas Ltd,VOLTAS.NS
Volution Group PLC,FAN.L
Vonovia SE,VNA.DE
Vornado Realty Trust,VNO
Vulcan Materials Co,VMC
WAAREE Energies Ltd,WAAREEENER.NS
WH Smith PLC,SMWH.L
WSP Global Inc,WSP.TO
WW Grainger Inc,GWW
Wacker Chemie AG,WCH.DE
Walmart Inc,WMT
Walt Disney Co/The,DIS
Warner Bros Discovery Inc,WBD
Waste Connections Inc,WCN.TO
Waste Management Inc,WM
Watches of Switzerland Group PLC,WOSG.L
WaterBridge Infrastructure LLC,WBI
Waters Corp,WAT
Weatherford International PLC,WFRD
Webster Financial Corp,WBS
Weir Group PLC/The,WEIR.L
Wells Fargo & Co,WFC
Welltower Inc,WELL
Welspun Corp Ltd,WELCORP.NS
Welspun Living Ltd,WELSPUNLIV.NS
West Pharmaceutical Services Inc,WST
Western Alliance Bancorp,WAL
Western Digital Corp,WDC
Westinghouse Air Brake Technologies Corp,WAB
Weyerhaeuser Co,WY
Wheaton Precious Metals Corp,WPM.TO
Whirlpool of India Ltd,WHIRLPOOL.NS
Whitbread PLC,WTB.L
Williams Cos Inc/The,WMB
Willis Towers Watson PLC,WTW
Wipro Ltd,WIPRO.NS
Wise PLC,WISE.L
Wockhardt Ltd,WOCKPHARMA.NS
Wyndham Hotels & Resorts Inc,WH
XP Inc,XP
XPO Inc,XPO
Xenon Pharmaceuticals Inc,XENE
Yes Bank Ltd,YESBANK.NS
Yu Group plc,YU.L
Yum! Brands Inc,YUM
ZF Commercial Vehicle Control Systems India Ltd,ZFCVINDIA.NS
Zalando SE,ZAL.DE
Zee Entertainment Enterprises Ltd,ZEEL.NS
Zegona Communications plc,ZEG.L
Zensar Technologies Ltd,ZENSARTECH.NS
Zimmer Biomet Holdings Inc,ZBH
Zoetis Inc,ZTS
Zoom Communications Inc,ZM
ZoomInfo Technologies Inc,ZI
Zotefoams PLC,ZTF.L
Zydus Lifesciences Ltd,ZYDUSLIFE.NS
Zydus Wellness Ltd,ZYDUSWELL.NS
adidas AG,ADS.DE
eClerx Services Ltd,ECLERX.NS
flatexDEGIRO AG,FTK.DE
iA Financial Corp Inc,IAG.TO
iFAST Corp Ltd,AIY.SI
iomart Group PLC,IOM.L
nVent Electric PLC,NVT
uniQure NV,QURE
