Name,Yahoo_Ticker,Verified_As,Note
Tata Capital Ltd,TATACAP.NS,TATA CAPITAL LIMITED,IPO'd after the source data was built; was N/A-PRIVATE
Tenneco Clean Air India Ltd,TENNIND.NS,TENNECO CLEAN AIR INDIA L,IPO'd after the source data was built; was N/A-PRIVATE
Orkla India Ltd,ORKLAINDIA.NS,ORKLA INDIA LIMITED,IPO'd after the source data was built; was N/A-PRIVATE
Kwality Wall's India Ltd,KWIL.NS,Kwality Walls (India) Limited,Demerged from HUL; was N/A-PRIVATE
Sanofi Consumer Healthcare India Ltd,SANOFICONR.BO,Sanofi Consumer Healthcare India Limited,BSE-only listing; previously mis-assigned the parent's SANOFI.NS
Tata Motors Ltd /new,TMCV.NS,TATA MOTORS LIMITED,Commercial-vehicles entity after the 2025 demerger; old TATAMOTORS.NS now 404s
Kloeckner & Co SE,KCO.DE,Kloeckner & Co SE,New in 2026-06-30; resolver's name check rejected a correct hit — symbol and Yahoo's reported name verified by hand
Rational AG,RAA.DE,RATIONAL Aktiengesellschaft,New in 2026-06-30; resolver's name check rejected a correct hit — symbol and Yahoo's reported name verified by hand
DCM Shriram Ltd,DCMSHRIRAM.NS,DCM Shriram Limited,New in 2026-06-30; resolver's name check rejected a correct hit — symbol and Yahoo's reported name verified by hand
Fine Organic Industries Ltd,FINEORG.NS,Fine Organic Industries Limited,New in 2026-06-30; resolver's name check rejected a correct hit — symbol and Yahoo's reported name verified by hand
Honasa Consumer Ltd,HONASA.NS,Honasa Consumer Limited,New in 2026-06-30; resolver's name check rejected a correct hit — symbol and Yahoo's reported name verified by hand
Landmark Cars Ltd,LANDMARK.NS,Landmark Cars Limited,New in 2026-06-30; resolver's name check rejected a correct hit — symbol and Yahoo's reported name verified by hand
TVS Holdings Ltd,TVSHLTD.NS,TVS Holdings Limited,New in 2026-06-30; resolver's name check rejected a correct hit — symbol and Yahoo's reported name verified by hand
IIFL Finance Ltd,IIFL.NS,IIFL Finance Limited,New in 2026-06-30; resolver's name check rejected a correct hit — symbol and Yahoo's reported name verified by hand
Emcure Pharmaceuticals Ltd,EMCURE.NS,Emcure Pharmaceuticals Limited,New in 2026-06-30; resolver's name check rejected a correct hit — symbol and Yahoo's reported name verified by hand
Haw Par Corp Ltd,H02.SI,Haw Par Corporation Limited,New in 2026-06-30; resolver's name check rejected a correct hit — symbol and Yahoo's reported name verified by hand
UOL Group Ltd,U14.SI,UOL Group Limited,New in 2026-06-30; resolver's name check rejected a correct hit — symbol and Yahoo's reported name verified by hand
Ferrexpo PLC,FXPO.L,Ferrexpo plc,New in 2026-06-30; resolver's name check rejected a correct hit — symbol and Yahoo's reported name verified by hand
B&M European Value Retail plc,BME.L,B&M European Value Retail plc,New in 2026-06-30; resolver's name check rejected a correct hit — symbol and Yahoo's reported name verified by hand
Wise Group PLC,WISE.L,Wise Group plc,New in 2026-06-30; resolver's name check rejected a correct hit — symbol and Yahoo's reported name verified by hand
Autotrader Group PLC,AUTO.L,Autotrader Group plc,New in 2026-06-30; resolver's name check rejected a correct hit — symbol and Yahoo's reported name verified by hand
Taylor Morrison Home Corp,TMHC,Taylor Morrison Home Corp,New in 2026-06-30; resolver's name check rejected a correct hit — symbol and Yahoo's reported name verified by hand
J M Smucker Co/The,SJM,The J. M. Smucker Company,New in 2026-06-30; resolver's name check rejected a correct hit — symbol and Yahoo's reported name verified by hand
Nomad Foods Ltd,NOMD,Nomad Foods Limited,New in 2026-06-30; resolver's name check rejected a correct hit — symbol and Yahoo's reported name verified by hand
Simply Good Foods Co/The,SMPL,The Simply Good Foods Company,New in 2026-06-30; resolver's name check rejected a correct hit — symbol and Yahoo's reported name verified by hand
Axis Capital Holdings Ltd,AXS,AXIS Capital Holdings Limited,New in 2026-06-30; resolver's name check rejected a correct hit — symbol and Yahoo's reported name verified by hand
Piper Sandler Cos,PIPR,Piper Sandler Companies,New in 2026-06-30; resolver's name check rejected a correct hit — symbol and Yahoo's reported name verified by hand
Rocket Cos Inc,RKT,"Rocket Companies, Inc.",New in 2026-06-30; resolver's name check rejected a correct hit — symbol and Yahoo's reported name verified by hand
Smurfit Westrock PLC,SW,Smurfit Westrock Plc,New in 2026-06-30; resolver's name check rejected a correct hit — symbol and Yahoo's reported name verified by hand
Elastic NV,ESTC,Elastic N.V.,New in 2026-06-30; resolver's name check rejected a correct hit — symbol and Yahoo's reported name verified by hand
Sandisk Corp,SNDK,Sandisk Corporation,New in 2026-06-30; resolver's name check rejected a correct hit — symbol and Yahoo's reported name verified by hand
SkyWater Technology Inc,SKYT,SkyWater Technology Inc,New in 2026-06-30; resolver's name check rejected a correct hit — symbol and Yahoo's reported name verified by hand
Millicom International Cellular SA,TIGO,Millicom International Cellular S.A.,New in 2026-06-30; resolver's name check rejected a correct hit — symbol and Yahoo's reported name verified by hand
