Name,Country,First_Seen
1Life Healthcare Inc,United States,2022-12-31
2U Inc,United States,2022-12-31
ADLER Group SA,Germany,2022-12-31
AMI Organics Ltd,India,2022-12-31
ANSYS Inc,United States,2022-12-31
AVEVA Group PLC,United Kingdom,2022-12-31
Aareal Bank AG,Germany,2022-12-31
Aarti Pharmalabs Ltd,India,2022-12-31
Activision Blizzard Inc,United States,2022-12-31
Adani Ports & Special Economic Zone Ltd,India,2022-12-31
Aditya Birla Fashion and Retail Ltd,India,2022-12-31
Affle India Ltd,India,2022-12-31
Altice USA Inc,United States,2022-12-31
Amara Raja Batteries Ltd,India,2022-12-31
AmerisourceBergen Corp,United States,2022-12-31
Amicus Therapeutics Inc,United States,2022-12-31
Apellis Pharmaceuticals Inc,United States,2022-12-31
AppHarvest Inc,United States,2022-12-31
Arconic Corp,United States,2022-12-31
Argonaut Gold Inc,Canada,2022-12-31
Ascential PLC,United Kingdom,2022-12-31
Atlas Air Worldwide Holdings Inc,United States,2022-12-31
Axis Capital Holdings Ltd,United States,2022-12-31
Axonics Inc,United States,2022-12-31
Barratt Developments PLC,United Kingdom,2022-12-31
Becton Dickinson and Co,United States,2022-12-31
Befesa SA,Germany,2022-12-31
Biffa PLC,United Kingdom,2022-12-31
BlackRock Inc,United States,2022-12-31
Blueprint Medicines Corp,United States,2022-12-31
Borosil Ltd,India,2022-12-31
Boston Properties Inc,United States,2022-12-31
Boyd Group Services Inc,Canada,2022-12-31
Brightcom Group Ltd,India,2022-12-31
Britvic PLC,United Kingdom,2022-12-31
Bunge Ltd,United States,2022-12-31
CTS Eventim AG & Co KGaA,Germany,2022-12-31
Cadence Bank,United States,2022-12-31
Calavo Growers Inc,United States,2022-12-31
Canadian Pacific Railway Ltd,Canada,2022-12-31
Canadian Western Bank,Canada,2022-12-31
Capital & Counties Properties PLC,United Kingdom,2022-12-31
Capitaland Investment Ltd/Singapore,Singapore,2022-12-31
Care Ratings Ltd,India,2022-12-31
Centamin PLC,United Kingdom,2022-12-31
Central Depository Services India Ltd,India,2022-12-31
Century Textiles & Industries Ltd,India,2022-12-31
Chemours Co/The,United States,2022-12-31
Chuan Hup Holdings Ltd,Singapore,2022-12-31
Cigna Corp,United States,2022-12-31
Clorox Co/The,United States,2022-12-31
Coffee Day Enterprises Ltd,India,2022-12-31
Comerica Inc,United States,2022-12-31
CommScope Holding Co Inc,United States,2022-12-31
CompuGroup Medical SE & Co KgaA,Germany,2022-12-31
ConvaTec Group PLC,United Kingdom,2022-12-31
Coupa Software Inc,United States,2022-12-31
CropEnergies AG,Germany,2022-12-31
CyberArk Software Ltd,United States,2022-12-31
DCB Bank Ltd,India,2022-12-31
DCM Shriram Ltd,India,2022-12-31
DIC Asset AG,Germany,2022-12-31
DRC Systems India Ltd,India,2022-12-31
DS Smith PLC,United Kingdom,2022-12-31
Dechra Pharmaceuticals PLC,United Kingdom,2022-12-31
Deutz AG,Germany,2022-12-31
Dignity PLC,United Kingdom,2022-12-31
Direct Line Insurance Group PLC,United Kingdom,2022-12-31
Discover Financial Services,United States,2022-12-31
Doctor Care Anywhere Group PLC,United Kingdom,2022-12-31
Duerr AG,Germany,2022-12-31
ESR-LOGOS REIT,Singapore,2022-12-31
Eckert & Ziegler Strahlen- und Medizintechnik AG,Germany,2022-12-31
Encavis AG,Germany,2022-12-31
Enghouse Systems Ltd,Canada,2022-12-31
Equals Group PLC,United Kingdom,2022-12-31
Everest Re Group Ltd,United States,2022-12-31
Evo Payments Inc,United States,2022-12-31
Evoqua Water Technologies Corp,United States,2022-12-31
FD Technologies PLC,United Kingdom,2022-12-31
Ferguson PLC,United Kingdom,2022-12-31
First BanCorp/Puerto Rico,United States,2022-12-31
First Republic Bank/CA,United States,2022-12-31
Fresenius Medical Care AG & Co KGaA,Germany,2022-12-31
GFL Ltd,India,2022-12-31
GK Software SE,Germany,2022-12-31
GMR Airports Infrastructure Ltd,India,2022-12-31
HB Fuller Co,United States,2022-12-31
HUUUGE Inc,United States,2022-12-31
Hanover Insurance Group Inc/The,United States,2022-12-31
Harsco Corp,United States,2022-12-31
Hartford Financial Services Group Inc/The,United States,2022-12-31
Haw Par Corp Ltd,Singapore,2022-12-31
Heliad Equity Partners GmbH & Co KGaA,Germany,2022-12-31
Hemisphere Properties India Ltd,India,2022-12-31
Home Capital Group Inc,Canada,2022-12-31
HomeServe PLC,United Kingdom,2022-12-31
Horizon Therapeutics Plc,United States,2022-12-31
Hostess Brands Inc,United States,2022-12-31
Hour Glass Ltd/The,Singapore,2022-12-31
Housing Development Finance Corp Ltd,India,2022-12-31
Hyzon Motors Inc,United States,2022-12-31
ICICI Securities Ltd,India,2022-12-31
IDFC Ltd,India,2022-12-31
IIFL Finance Ltd,India,2022-12-31
IIFL Wealth Management Ltd,India,2022-12-31
IP Group PLC,United Kingdom,2022-12-31
IQGEO Group PLC,United Kingdom,2022-12-31
IRB Infrastructure Developers Ltd,India,2022-12-31
Inari Medical Inc,United States,2022-12-31
India Cements Ltd/The,India,2022-12-31
Indiabulls Real Estate Ltd,India,2022-12-31
Indian Energy Exchange Ltd,India,2022-12-31
Indivior PLC,United Kingdom,2022-12-31
Infibeam Avenues Ltd,India,2022-12-31
Innovid Corp,United States,2022-12-31
Inox Wind Energy Ltd,India,2022-12-31
Intra-Cellular Therapies Inc,United States,2022-12-31
IsoPlexis Corp,United States,2022-12-31
J M Smucker Co/The,United States,2022-12-31
JOST Werke AG,Germany,2022-12-31
Jardine Cycle & Carriage Ltd,Singapore,2022-12-31
John Bean Technologies Corp,United States,2022-12-31
John Wood Group PLC,United Kingdom,2022-12-31
Juniper Networks Inc,United States,2022-12-31
Just Group PLC,United Kingdom,2022-12-31
Kabel Deutschland Holding AG,Germany,2022-12-31
Karnataka Bank Ltd/The,India,2022-12-31
Kellogg Co,United States,2022-12-31
Keppel Corp Ltd,Singapore,2022-12-31
L&T Finance Holdings Ltd,India,2022-12-31
LHC Group Inc,United States,2022-12-31
Laboratory Corp of America Holdings,United States,2022-12-31
Liberty Global PLC,United States,2022-12-31
Life Storage Inc,United States,2022-12-31
Limeade Inc,United States,2022-12-31
Lookers PLC,United Kingdom,2022-12-31
MKS Instruments Inc,United States,2022-12-31
Macrotech Developers Ltd,India,2022-12-31
Mahindra CIE Automotive Ltd,India,2022-12-31
Markel Corp,United States,2022-12-31
McCormick & Co Inc/MD,United States,2022-12-31
Metro Bank PLC,United Kingdom,2022-12-31
Metro Brands Ltd,India,2022-12-31
Momentive Global Inc,United States,2022-12-31
Moneysupermarket.com Group PLC,United Kingdom,2022-12-31
MorphoSys AG,Germany,2022-12-31
N Brown Group PLC,United Kingdom,2022-12-31
NOW Inc,United States,2022-12-31
Nanofilm Technologies International Ltd,Singapore,2022-12-31
Network International Holdings PLC,United Kingdom,2022-12-31
Nevro Corp,United States,2022-12-31
Nikola Corp,United States,2022-12-31
North West Co Inc/The,Canada,2022-12-31
NorthWestern Corp,United States,2022-12-31
NuVasive Inc,United States,2022-12-31
ODP Corp/The,United States,2022-12-31
Olympic Steel Inc,United States,2022-12-31
PVR Ltd,India,2022-12-31
Paramount Group Inc,United States,2022-12-31
Parkland Corp,Canada,2022-12-31
Perficient Inc,United States,2022-12-31
PerkinElmer Inc,United States,2022-12-31
Petropavlovsk PLC,United Kingdom,2022-12-31
Piramal Enterprises Ltd,India,2022-12-31
Pod Point Group Holdings PLC,United Kingdom,2022-12-31
Polymetal International PLC,United Kingdom,2022-12-31
Primo Water Corp,Canada,2022-12-31
Provident Financial PLC,United Kingdom,2022-12-31
Pure Storage Inc,United States,2022-12-31
QAF Ltd,Singapore,2022-12-31
Quess Corp Ltd,India,2022-12-31
Rational AG,Germany,2022-12-31
Redde Northgate PLC,United Kingdom,2022-12-31
Reliance Steel & Aluminum Co,United States,2022-12-31
Ritchie Bros Auctioneers Inc,Canada,2022-12-31
SIS Ltd,India,2022-12-31
SJW Group,United States,2022-12-31
SNC-Lavalin Group Inc,Canada,2022-12-31
Sabana Industrial Real Estate Investment Trust,Singapore,2022-12-31
Schlumberger Ltd,United States,2022-12-31
Seagen Inc,United States,2022-12-31
Secure Energy Services Inc,Canada,2022-12-31
Sembcorp Marine Ltd,Singapore,2022-12-31
Sempra Energy,United States,2022-12-31
Shaftesbury PLC,United Kingdom,2022-12-31
Shaw Communications Inc,Canada,2022-12-31
Shockwave Medical Inc,United States,2022-12-31
Shop Apotheke Europe NV,Germany,2022-12-31
Silvair Inc,United States,2022-12-31
Silverlake Axis Ltd,Singapore,2022-12-31
Simply Good Foods Co/The,United States,2022-12-31
Smurfit Kappa Group PLC,United Kingdom,2022-12-31
South Jersey Industries Inc,United States,2022-12-31
SouthState Corp,United States,2022-12-31
Spectris PLC,United Kingdom,2022-12-31
Spirax-Sarco Engineering PLC,United Kingdom,2022-12-31
Spirent Communications PLC,United Kingdom,2022-12-31
Summit Industrial Income REIT,Canada,2022-12-31
Sunnova Energy International Inc,United States,2022-12-31
Suven Pharmaceuticals Ltd,India,2022-12-31
TDCX Inc,Singapore,2022-12-31
TE Connectivity Ltd,United States,2022-12-31
TMX Group Ltd,Canada,2022-12-31
TV18 Broadcast Ltd,India,2022-12-31
Tata Motors Ltd,India,2022-12-31
TeamViewer AG,Germany,2022-12-31
Telefonica Deutschland Holding AG,Germany,2022-12-31
Thomson Medical Group Ltd,Singapore,2022-12-31
TopBuild Corp,United States,2022-12-31
TransAlta Renewables Inc,Canada,2022-12-31
Tricon Residential Inc,Canada,2022-12-31
Trident Ltd/India,India,2022-12-31
UMS Holdings Ltd,Singapore,2022-12-31
UOB-Kay Hian Holdings Ltd,Singapore,2022-12-31
US Xpress Enterprises Inc,United States,2022-12-31
Umpqua Holdings Corp,United States,2022-12-31
United States Steel Corp,United States,2022-12-31
Univar Solutions Inc,United States,2022-12-31
VERBIO Vereinigte BioEnergie AG,Germany,2022-12-31
VMware Inc,United States,2022-12-31
Vimeo Inc,United States,2022-12-31
WPP PLC,United Kingdom,2022-12-31
Welspun India Ltd,India,2022-12-31
Westrock Co,United States,2022-12-31
Wincanton PLC,United Kingdom,2022-12-31
World Fuel Services Corp,United States,2022-12-31
Zimvie Inc,United States,2022-12-31
Zions Bancorp NA,United States,2022-12-31
Zomato Ltd,India,2022-12-31
iRhythm Technologies Inc,United States,2022-12-31
Accrol Group Holdings PLC,United Kingdom,2023-12-31
American Equity Investment Life Holding Co,United States,2023-12-31
Angel One Ltd,India,2023-12-31
Atoss Software AG,Germany,2023-12-31
Bajel Projects Ltd,India,2023-12-31
BigCommerce Holdings Inc,United States,2023-12-31
Bluebird Bio Inc,United States,2023-12-31
Catalent Inc,United States,2023-12-31
Cooper Cos Inc/The,United States,2023-12-31
Cymabay Therapeutics Inc,United States,2023-12-31
Day One Biopharmaceuticals Inc,United States,2023-12-31
Deliveroo PLC,United Kingdom,2023-12-31
Duty Free International Ltd,Singapore,2023-12-31
Equitas Small Finance Bank Ltd,India,2023-12-31
Equitrans Midstream Corp,United States,2023-12-31
Fine Organic Industries Ltd,India,2023-12-31
GHCL Textiles Ltd,India,2023-12-31
GMR Power and Urban Infra Ltd,India,2023-12-31
Glenmark Life Sciences Ltd,India,2023-12-31
Goodyear Tire & Rubber Co/The,United States,2023-12-31
Grab Holdings Ltd,United States,2023-12-31
Hillenbrand Inc,United States,2023-12-31
Honasa Consumer Ltd,India,2023-12-31
ImmunoGen Inc,United States,2023-12-31
Indigo Paints Ltd,India,2023-12-31
Intermediate Capital Group PLC,United Kingdom,2023-12-31
KION Group AG,Germany,2023-12-31
Kellanova,United States,2023-12-31
Kitwave Group Plc,United Kingdom,2023-12-31
Lazard Ltd,United States,2023-12-31
Li-Cycle Holdings Corp,Canada,2023-12-31
NEXTracker Inc,United States,2023-12-31
Orient Electric Ltd,India,2023-12-31
Pacific Premier Bancorp Inc,United States,2023-12-31
Piedmont Lithium Inc,United States,2023-12-31
Premier Inc,United States,2023-12-31
Rail Vikas Nigam Ltd,India,2023-12-31
Schlumberger NV,United States,2023-12-31
Select Medical Holdings Corp,United States,2023-12-31
Spirit AeroSystems Holdings Inc,United States,2023-12-31
Splunk Inc,United States,2023-12-31
Tempur Sealy International Inc,United States,2023-12-31
Trade Desk Inc/The,United States,2023-12-31
Verbio Vereinigte Bioenergie AG,Germany,2023-12-31
Vesync Co Ltd,United States,2023-12-31
WillScot Mobile Mini Holdings Corp,United States,2023-12-31
XP Power Ltd,United Kingdom,2023-12-31
elf Beauty Inc,United States,2023-12-31
1Spatial Plc,United Kingdom,2024-06-30
ARM Holdings PLC,United Kingdom,2024-06-30
Aquis Exchange PLC,United Kingdom,2024-06-30
Avangrid Inc,United States,2024-06-30
Cerevel Therapeutics Holdings Inc,United States,2024-06-30
Chalet Hotels Ltd,India,2024-06-30
Cochin Shipyard Ltd,India,2024-06-30
Darktrace PLC,United Kingdom,2024-06-30
De La Rue PLC,United Kingdom,2024-06-30
DocuSign Inc,United States,2024-06-30
Far East Orchard Ltd,Singapore,2024-06-30
Heartland Financial USA Inc,United States,2024-06-30
Housing & Urban Development Corp Ltd,India,2024-06-30
Juniper Hotels Ltd,India,2024-06-30
KalVista Pharmaceuticals Inc,United States,2024-06-30
Lakshmi Machine Works Ltd,India,2024-06-30
Metals Acquisition Ltd,United States,2024-06-30
New York Times Co/The,United States,2024-06-30
Olectra Greentech Ltd,India,2024-06-30
SH Kelkar & Co Ltd,India,2024-06-30
South Indian Bank Ltd/The,India,2024-06-30
Swan Energy Ltd,India,2024-06-30
Taylor Morrison Home Corp,United States,2024-06-30
Virgin Money UK PLC,United Kingdom,2024-06-30
Xylem Inc/NY,United States,2024-06-30
ideaForge Technology Ltd,India,2024-06-30
AZEK Co Inc/The,United States,2024-12-31
Amedisys Inc,United States,2024-12-31
Arcadium Lithium PLC,United States,2024-12-31
Beacon Roofing Supply Inc,United States,2024-12-31
CE Info Systems Ltd,India,2024-12-31
Canal+ France SA,United Kingdom,2024-12-31
ChampionX Corp,United States,2024-12-31
Equinox India Developments Ltd,India,2024-12-31
Genus Power Infrastructures Ltd,India,2024-12-31
Hargreaves Lansdown PLC,United Kingdom,2024-12-31
HashiCorp Inc,United States,2024-12-31
ITD Cementation India Ltd,India,2024-12-31
International Distribution Services PLC,United Kingdom,2024-12-31
Kfin Technologies Ltd,India,2024-12-31
MicroStrategy Inc,United States,2024-12-31
Nexus AG,Germany,2024-12-31
Onesource Speciality Pharma Ltd,India,2024-12-31
Piper Sandler Cos,United States,2024-12-31
Raymond Lifestyle Ltd,India,2024-12-31
Sagility India Ltd,India,2024-12-31
Seadrill Ltd,United States,2024-12-31
Standardaero Inc,United States,2024-12-31
TVS Supply Chain Solutions Ltd/India,India,2024-12-31
YHI International Ltd,Singapore,2024-12-31
Assura PLC,United Kingdom,2025-06-30
Couchbase Inc,United States,2025-06-30
Ferrexpo PLC,United Kingdom,2025-06-30
Foot Locker Inc,United States,2025-06-30
GCS Holdings Inc,United States,2025-06-30
Informatica Inc,United States,2025-06-30
Integral Ad Science Holding Corp,United States,2025-06-30
LMW Ltd,India,2025-06-30
Mr Cooper Group Inc,United States,2025-06-30
STL Networks Ltd,India,2025-06-30
Schloss Bangalore Ltd,India,2025-06-30
Service Corp International/US,United States,2025-06-30
Skechers USA Inc,United States,2025-06-30
SpringWorks Therapeutics Inc,United States,2025-06-30
Valterra Platinum Ltd,United Kingdom,2025-06-30
Walgreens Boots Alliance Inc,United States,2025-06-30
DY POWER Corp,United States,2025-12-31
GCI Liberty Inc,United States,2025-12-31
GCI Liberty Inc/DEL,United States,2025-12-31
